{"webui.fls.view":0,"webui.show_cats":1,"webui.show_dets":1,"webui.needmessage":1,"webui.reqtimeout":30000,"webui.confirm_when_deleting":1,"webui.alternate_color":0,"webui.update_interval":3000,"webui.hsplit":0.88,"webui.vsplit":0.5,"webui.effects":0,"webui.fullrows":0,"webui.no_delaying_draw":1,"webui.search":-1,"webui.speedlistdl":"100,150,200,250,300,350,400,450,500,750,1000,1250","webui.speedlistul":"100,150,200,250,300,350,400,450,500,750,1000,1250","webui.ignore_timeouts":0,"webui.retry_on_error":120,"webui.closed_panels":{"ptrackers":0,"pstate":0,"plabel":0,"flabel":0,"prss":0},"webui.timeformat":0,"webui.dateformat":0,"webui.log_autoswitch":1,"webui.lang":"fr","webui.trt.colwidth":[200,100,60,100,100,100,60,60,60,60,60,60,60,80,100,90,100,100,60,60,75,75,75,100],"webui.trt.colenabled":[1,1,1,1,1,1,1,1,1,1,1,1,1,1,1,1,1,1,1,1,1,1,1,1],"webui.trt.colorder":[0,1,2,3,4,5,6,7,8,9,10,11,12,13,14,15,16,17,18,19,20,21,22,23],"webui.trt.sindex":-1,"webui.trt.rev":0,"webui.trt.sindex2":0,"webui.trt.rev2":0,"webui.fls.colwidth":[200,60,100,100,80],"webui.fls.colenabled":[1,1,1,1,1],"webui.fls.colorder":[0,1,2,3,4],"webui.fls.sindex":-1,"webui.fls.rev":0,"webui.fls.sindex2":0,"webui.fls.rev2":0,"webui.trk.colwidth":[200,60,60,60,60,60,80,85,80,60],"webui.trk.colenabled":[1,1,1,1,1,1,1,1,1,1],"webui.trk.colorder":[0,1,2,3,4,5,6,7,8,9],"webui.trk.sindex":-1,"webui.trk.rev":0,"webui.trk.sindex2":0,"webui.trk.rev2":0,"webui.prs.colwidth":[100,120,60,100,100,100,60,60],"webui.prs.colenabled":[1,1,1,1,1,1,1,1],"webui.prs.colorder":[0,1,2,3,4,5,6,7],"webui.prs.sindex":-1,"webui.prs.rev":0,"webui.prs.sindex2":0,"webui.prs.rev2":0,"webui.plg.colwidth":[150,60,80,80,80,500],"webui.plg.colenabled":[1,1,1,1,1,1],"webui.plg.colorder":[0,1,2,3,4,5],"webui.plg.sindex":-1,"webui.plg.rev":0,"webui.plg.sindex2":0,"webui.plg.rev2":0,"webui.hst.colwidth":[200,100,100,60,100,100,60,60,100,100,100,100],"webui.hst.colenabled":[1,1,1,1,1,1,1,1,1,1,1,1],"webui.hst.colorder":[0,1,2,3,4,5,6,7,8,9,10,11],"webui.hst.sindex":-1,"webui.hst.rev":0,"webui.hst.sindex2":0,"webui.hst.rev2":0,"webui.teg.colwidth":[200,100,60,100,100,100,60,60,60,60,60,60,60,80,100,90,100,100,60,60,75,75,75,100],"webui.teg.colenabled":[1,1,1,1,1,1,1,1,1,1,1,1,1,1,1,1,1,1,1,1,1,1,1,1],"webui.teg.colorder":[0,1,2,3,4,5,6,7,8,9,10,11,12,13,14,15,16,17,18,19,20,21,22,23],"webui.teg.sindex":-1,"webui.teg.rev":0,"webui.teg.sindex2":0,"webui.teg.rev2":0,"webui.rss.colwidth":[200,100,60,100,100,100,60,60,60,60,60,60,60,80,100,90,100,100,60,60,75,75,75,100],"webui.rss.colenabled":[1,1,1,1,1,1,1,1,1,1,1,1,1,1,1,1,1,1,1,1,1,1,1,1],"webui.rss.colorder":[0,1,2,3,4,5,6,7,8,9,10,11,12,13,14,15,16,17,18,19,20,21,22,23],"webui.rss.sindex":-1,"webui.rss.rev":0,"webui.rss.sindex2":0,"webui.rss.rev2":0}